imdb_id,is_nominee
0388130,0
0273772,0
0243017,0
0291559,0
0277909,0
0265632,0
0277955,0
0166276,0
0206367,0
0832449,0
0306741,0
0287058,0
0199898,0
0831848,0
1073223,0
0126029,1
0363277,0
0293416,0
0284394,0
10956882,0
0230011,0
0173840,0
0287635,0
0290067,0
0810831,0
15864378,0
0245429,1
0291046,0
0291959,0
0306474,0
0291350,0
0310790,0
0181739,0
0293854,0
0275876,0
0275277,0
0259929,0
1612776,0
0294677,0
0274919,0
0298109,0
2700240,0
0293849,0
0367172,0
0473271,0
0295152,0
0296162,0
0198781,1
0287547,0
0405096,0
0282708,0
0268397,1
0318819,0
0299619,0
0312941,0
0322645,0
0446566,0
0299040,0
0306444,0
0311439,0
0237687,0
0296074,0
0304230,0
0320282,0
0280030,0
0302758,0
0303318,0
4130762,0
4130788,0
0287335,0
0308220,0
0309114,0
0997084,0
1147526,0
0268380,1
0311618,0
1171265,0
0355692,0
0300576,0
0814296,0
0990372,0
1086280,0
2180443,0
11644204,0
0321566,0
0166813,1
0299878,0
0314166,0
0275847,1
0328327,0
0289408,0
0342853,0
1876229,0
0347791,0
0243585,0
0293093,0
0347618,0
0339256,0
0327408,0
0259134,0
8081176,0
0146063,0
0459080,0
0282120,0
0352312,0
8302928,0
0307050,0
0283476,0
0298388,0
0458779,0
0338176,0
0374262,0
0133240,1
0430377,0
0324572,0
1345450,0
0271263,0
0308577,0
0346514,0
1625545,0
0322177,0
1111358,0
0346900,0
0366621,0
0287329,0
0336952,0
0379945,0
1090343,0
11783538,0
2490110,0
0296619,0
5860542,0
0283426,0
0347458,0
0356577,0
1006926,0
0473474,0
0323642,0
0378262,0
0371962,0
1133935,0
1149379,0
0359784,0
0416873,0
0353014,0
0365510,0
0365659,0
0374574,0
0266543,1
0286244,1
0366606,0
0368667,0
0135991,0
0382868,0
0337711,0
0297753,0
1672136,0
0165982,0
0376995,0
0373818,0
0304931,0
0372763,0
0420076,0
0422702,0
0386127,0
0388473,0
0418867,0
1859508,0
0377923,0
0381884,0
0377119,0
0373866,0
10105358,0
0427580,0
0384057,0
1010436,0
0237622,0
0328880,1
0382942,0
0430293,0
1601178,0
0318155,0
0386611,0
0387472,0
1298836,0
0393510,0
0408636,0
0452860,0
0315000,0
0399778,0
0400771,0
0396094,0
0396659,0
7722178,0
0400244,0
0390159,0
3324068,0
0388820,0
19719738,0
6066786,0
0350194,0
0439533,0
0446958,0
0399412,0
0364084,0
0805605,0
0398872,0
1863338,0
8452314,0
0401233,0
0347246,0
1010435,0
1147516,0
9115706,0
0348878,0
0395947,0
0386820,0
0299172,0
0387162,0
0442247,0
0365296,0
0769760,0
1133559,0
0433375,0
1786430,0
0298148,1
0356634,0
0419954,0
0415052,0
0406546,0
0390350,0
0332318,0
0418602,0
0348121,0
0435286,0
0452039,0
0403703,0
0476680,0
0374248,0
0347149,1
0435635,0
0307453,1
6961888,0
0416908,0
3409552,0
0411189,0
1880204,0
0435202,0
0338348,0
0395970,0
0434147,0
0339334,0
0317705,1
0430403,0
0442289,0
0345950,0
0381348,0
0442507,0
0452226,0
0398237,0
0424488,0
0307456,0
0415481,0
0473658,0
0363141,0
0368305,0
0426315,0
0445683,0
0449634,0
0454561,0
0478450,0
1467299,0
1719665,0
4898940,0
5028140,0
5626724,0
6164364,0
7604438,0
1415872,0
0327660,0
0495289,0
0769512,0
0808359,0
1107334,0
0444629,0
0807703,0
0407121,0
0454883,0
0443769,0
0446701,0
1018764,0
0358082,0
0451769,0
0961185,0
14128312,0
4846282,0
4126926,0
0361089,0
7069814,0
1133936,0
1345460,0
2643846,0
5336614,0
12094140,0
2321301,0
0455142,0
0829177,0
0372238,0
0457341,0
0351283,0
6519658,0
0473435,0
0419499,0
0443123,0
0443232,0
0875609,0
0436710,0
0485323,0
0791188,0
0342882,0
0470745,0
3095020,0
0466405,0
2333658,0
0385700,0
0312004,1
0121164,1
13545090,0
0401559,0
5252440,0
4670968,0
0929265,0
0468812,0
0830199,0
0488836,0
0486095,0
0486728,0
0371606,0
0407236,0
0424958,0
0491646,0
0493440,0
0820129,0
0498465,0
0443536,0
0471589,0
0298903,0
0496595,0
0267024,0
0226851,0
0497397,0
11845454,0
15684228,0
19895106,0
2341172,0
3268404,0
5320634,0
5334126,0
6214840,0
9383042,0
0493306,0
0493247,0
0499525,0
0757277,0
6614620,0
0780660,0
0381971,0
1218026,0
1391548,0
0197633,0
0827498,0
0768189,0
0457024,0
0496296,0
0763304,0
7436196,0
0488584,0
0802983,0
1059950,0
0480507,0
0456980,0
0781012,0
15757512,0
0317219,1
0386741,0
2714780,0
0465967,0
0438097,0
0371552,0
0405469,0
0480586,0
1225899,0
0498536,0
1033485,0
0356201,0
0298337,0
0824696,0
0327084,0
0810043,0
0820879,0
0810964,0
11282136,0
12013106,0
0419073,0
0815890,0
0819643,0
0439123,0
0447249,0
0405296,0
0486731,0
0823511,0
0402438,0
0385880,1
0455499,0
13563284,0
0972542,0
0458076,0
0820142,0
0778631,0
1978398,0
0808506,0
1000095,0
0882987,0
0428646,0
0429589,0
0495596,0
1032925,0
0480082,0
0414853,0
1071815,0
0848628,0
1174992,0
0443771,0
0819780,0
0824323,0
0851578,0
0876287,0
0396042,0
0430779,0
1279118,0
2630930,0
3253744,0
0806139,0
0884830,0
7328298,0
0400717,0
0936472,0
15739684,0
0483706,0
0871971,0
0806053,0
0831888,0
0424095,0
1640109,0
0884819,0
0881252,0
7417962,0
0876226,0
2627630,0
9204140,0
0366548,1
0953478,0
0937401,0
0344854,0
0308353,0
1105263,0
1190545,0
1180335,0
14501226,0
1252601,0
0425648,0
0491027,0
1326140,0
15685194,0
3607808,0
7378040,0
0482925,0
0923985,0
0934870,0
1077274,0
0479008,0
0922366,0
7383348,0
7383502,0
7415114,0
1000070,0
0871896,0
6490990,0
16911816,0
0811605,0
1413256,0
7440892,0
0970933,0
0983213,0
1037116,0
7386272,0
1260351,0
0459959,0
1207645,0
5944430,0
0453556,0
2317744,0
0396555,0
0988142,0
1521839,0
1718791,0
0455326,0
11608100,0
0994794,0
1146290,0
0828065,0
1135522,0
0970519,0
0413267,0
1051263,0
0802982,0
2378443,0
1247268,0
0808417,1
0423294,1
1176453,0
0965409,0
0959324,0
1068997,0
12214542,0
0382932,1
4387006,0
1065099,0
0962762,0
1059944,0
1226251,0
1046183,0
1038033,0
0462538,0
1119194,0
1059812,0
1179773,0
17155774,0
0970472,0
0902265,0
0988982,0
2412064,0
0923811,0
4415478,0
0836682,0
0858486,0
0997274,0
1101040,0
1087860,0
1092581,0
1121794,0
0460811,0
0820054,0
1003009,0
0357545,0
1537726,0
0872236,0
0448150,0
0955411,0
1352802,0
0461770,0
1043842,0
1163842,0
0792986,0
1336982,0
3751278,0
0498525,0
1333039,0
1337718,0
0389790,0
1483748,0
1486648,0
1860308,0
6449730,0
0442933,0
1080647,0
1534332,0
3951368,0
0419704,0
0796232,0
1087858,0
1084680,0
1206585,0
1155650,0
0792992,0
1039902,0
0952640,0
1472604,0
1148261,0
0826570,0
1160710,0
1164545,0
1934342,0
0486321,0
4442090,0
1169841,0
1189893,0
1155651,0
1361317,0
1661872,0
2535654,0
2932720,0
3343120,0
3557294,0
3684412,0
4400926,0
5639866,0
0481511,0
9182412,0
0475998,0
0940709,0
1303116,0
2882912,0
1155652,0
1172203,0
1313120,0
6857302,0
1196128,0
1206326,0
0451079,0
1270478,0
1180304,0
1194618,0
11069302,0
1826959,0
0944834,0
16951970,0
1667662,0
1319695,0
0969348,0
1086797,0
3043830,0
1436561,0
1242464,0
0361500,0
0830861,0
1277735,0
1619815,0
1155696,0
1220673,0
1308730,0
1337611,0
1319554,0
1013607,0
1210117,0
0441773,1
1254956,0
1199467,0
4183924,0
1233474,0
1238732,0
1692083,0
1343039,0
1368061,0
4161520,0
1168764,0
1500718,0
0910970,1
1371126,0
1260502,0
1264071,0
0482603,0
0876563,0
1160525,0
1287507,0
1056437,0
1160524,0
1282036,0
1265173,0
1557519,0
1185834,0
1278060,0
1288380,0
1283926,0
0790799,0
0907678,0
0792978,0
1288461,0
1087841,0
0968334,0
1018789,0
2047732,0
0465502,0
1224370,0
0885415,0
1043748,0
1095423,0
1294710,0
1476250,0
0951333,0
1340108,0
1110630,0
0456978,0
0926036,0
1305678,0
1380911,0
4087962,0
1278099,0
1308650,0
1174954,0
1358989,0
1050739,0
1316090,0
1568836,0
1990284,0
0479952,0
1193627,0
1304591,0
1231288,0
1245891,0
1318849,0
1585572,0
1319629,0
8544316,0
1580005,0
14734154,0
0397892,1
1321410,0
3534078,0
1401204,0
5155176,0
1058781,0
1371638,0
1432168,0
1185646,0
1339302,0
0420238,0
1062381,0
1343089,0
1344107,0
1245468,0
0815096,0
1391648,0
1552010,0
5334028,0
1379057,0
1124374,0
1670262,0
0978762,0
1703945,0
2193273,0
1356933,0
1395059,0
1400386,0
0485601,1
0327597,1
1380078,0
1507283,0
1261390,0
1487280,0
2506270,0
0974662,0
1342403,0
1264885,0
1389748,0
0892782,0
2078651,0
1381286,0
1578128,0
1403983,0
1235837,0
1410243,0
2388212,0
1239462,0
1401245,0
1519467,0
5890998,0
1499213,0
1372301,0
1401255,0
1343046,0
1388333,0
1977865,0
10134876,0
1432993,0
1723025,0
1414518,0
1422651,0
2658190,0
1397147,0
1418201,0
6000692,0
1049413,1
1343712,0
1043852,0
1433540,0
1350484,0
0843358,0
1196334,0
4660628,0
1309184,0
1080016,0
0860906,0
13780208,0
1485096,0
3009244,0
1468843,0
0436339,0
1433915,0
1042916,0
1395050,0
1430622,0
1473336,0
1773768,0
1474276,0
1481363,0
1345776,0
1493228,0
1483797,0
1517216,0
0472033,0
1468322,0
1492701,0
1492851,0
1520368,0
0985058,0
0844471,0
1039651,0
6543286,0
4818942,0
1183707,0
1490539,0
14128392,0
1508662,0
1515854,0
7251948,0
7645878,0
1593692,0
1695823,0
1520392,0
0375568,0
1206541,0
1512689,0
1869458,0
1519469,0
0432283,1
1525803,0
1235827,0
1429430,0
13593548,0
1538477,0
1690483,0
2067027,0
1067106,0
1857702,0
1537967,0
0762125,0
1324057,0
0780521,1
1548563,0
4677288,0
0940657,0
1460738,0
2281336,0
1112289,0
1691923,0
6536672,0
1231580,0
1442543,0
1485763,0
1455676,0
1488591,0
1548621,0
1600529,0
10799534,0
1316074,0
1340708,0
14546342,0
1532568,0
1566395,0
1567370,0
1588287,0
1836837,0
4797286,0
6129650,0
7630440,0
8823390,0
13242972,0
1827386,0
1827387,0
1827527,0
1830553,0
1484065,0
1647446,0
1587156,0
1587157,0
1587216,0
3215618,0
2193269,0
1664684,0
1572781,0
1513762,0
1446716,0
0775489,1
2644722,0
11814526,0
0811021,0
1679681,0
1606599,0
1613031,0
1715210,0
1109488,0
1468321,0
0892769,1
1272051,0
1546036,0
10265862,0
1577113,0
1560987,0
1632481,0
1384961,0
1623674,0
1636815,0
0892791,0
1633171,0
18953082,0
1636780,0
1703049,0
7278368,0
1708424,0
1546649,0
1247681,0
1655431,0
1660362,0
3255606,0
1186365,0
1615025,0
1630603,0
1645129,0
1663145,0
1777620,0
1874412,0
1663667,0
2653882,0
1957952,0
0435761,1
1814830,0
0915463,0
1323594,0
1442223,0
1679583,0
12193492,0
1453967,0
1685648,0
1690470,0
1568921,0
2555422,0
1576379,0
1687231,0
1287468,0
1686680,0
1703048,0
1703076,0
1776307,0
1878842,0
1706670,0
1606636,0
1230204,0
1726846,0
1701992,0
1720267,0
1649349,0
1677561,0
0940656,0
2441426,0
1710994,0
1754233,0
2217971,0
1235830,1
1683981,0
1213012,0
1442556,0
1352765,0
10087516,0
1632477,0
0312305,0
1726286,0
1219342,0
1731145,0
1726641,0
2700916,0
1620449,0
1753729,0
11212484,0
11212586,0
0765465,0
1274275,0
1673702,1
1744641,0
1734113,0
1618450,0
1646926,0
1740684,0
1764329,0
1762364,0
1535430,0
1001526,0
1746196,0
1677709,0
1753757,0
1753855,0
5740532,0
1754177,0
1773800,0
11212712,0
2041470,0
1918789,0
0398286,0
1754455,0
2034122,0
1743341,0
1744879,0
1785394,0
1787105,0
4837114,0
1692191,0
1302067,0
1641398,0
1679332,0
1840933,0
1189006,0
1794796,0
1735221,0
1794963,0
1796657,0
10694390,0
11154898,0
1430605,0
15541430,0
15664326,0
1607568,0
1622560,0
1683496,0
1711005,0
1737726,0
1747913,0
1757767,0
1806816,0
1807978,0
1838527,0
1843864,0
1866142,0
2009445,0
2327462,0
2424520,0
2742242,0
3552652,0
5621188,0
6414478,0
6442436,0
6543110,0
14508374,0
1296149,0
1806784,0
1825692,0
1997607,0
1809274,0
0377981,0
6447710,0
12263866,0
1759743,0
1374990,0
1844663,0
1844664,0
1844665,0
1844786,0
1844787,0
1846607,0
1576423,0
1545319,0
4837182,0
1381803,0
2053359,0
2057399,0
1839647,0
1537314,0
1828229,0
1192628,1
1821415,0
1566528,0
0844993,0
1912530,0
2219904,0
1869677,0
1869678,0
1869679,0
1851909,0
1305591,0
1845789,0
1817290,0
1880984,0
1732650,0
1864227,0
1873575,0
1894416,0
2408288,0
1873576,0
1436562,0
1764666,0
1843957,0
1734178,0
1856022,0
1865375,0
1411704,0
1887672,0
1674086,0
1449283,0
1757912,0
1840372,0
1887784,0
3435632,0
1931405,0
1779847,0
1849027,0
1786454,0
2708602,0
1776196,0
1839494,0
1877646,0
9078484,0
5053128,0
1922736,0
1355638,0
1302011,1
1426379,0
1686865,0
1843902,0
1966498,0
2361155,0
2016868,0
1948563,0
1612318,0
2411128,0
1212022,0
4232272,0
14050144,0
1216475,0
3565112,0
1711533,0
1974262,0
1984276,0
1966446,0
1966447,0
1966448,0
1966449,0
1966450,0
2234534,0
1988546,0
2557868,0
1876517,0
12825922,0
1739212,0
1798188,0
1961324,0
3565136,0
1988674,0
0472181,0
11332160,0
2005363,0
1971466,0
2027211,0
1822239,0
1999166,0
1999167,0
2010966,0
4664926,0
1563776,0
2040434,0
3565148,0
2008534,0
8617852,0
2080337,0
3818654,0
3818692,0
0961097,0
2034832,0
1651332,0
1986935,0
2048804,0
1374985,0
2056607,0
4247856,0
1853614,0
3565158,0
0969332,0
1980102,0
1821680,0
2050664,0
2061702,0
1407052,0
2073154,0
1629374,0
1865364,0
2084012,0
2113091,0
3364162,0
1891905,0
2086830,0
2094154,0
2241287,0
1241721,0
1931569,0
2131626,0
2086840,0
1828224,0
0448694,1
0983193,0
1990421,0
3953388,0
2075199,0
2234550,0
2251513,0
1891769,0
0986361,0
2101491,0
2103204,0
2109131,0
3565160,0
1430607,0
1507564,0
2070831,0
2111383,0
1402488,0
10158634,0
2243469,0
1429433,0
3565164,0
0176694,0
2118024,0
2170474,0
13557564,0
1980133,0
2156911,0
1909796,0
2072118,0
1615918,0
1793224,0
2133306,0
2124046,0
2141749,0
2158855,0
2141789,0
12035676,0
13251952,0
13315710,0
16235600,0
1776055,0
1819706,0
1838731,0
1868090,0
1869724,0
1880341,0
1935890,0
1935913,0
1948039,0
1966486,0
1999132,0
2023519,0
2063773,0
2075132,0
2120103,0
2128413,0
2160163,0
2238140,0
2375039,0
2564760,0
3079670,0
6100234,0
6414526,0
6442670,0
2347782,0
2403476,0
6356352,0
1091821,0
11941418,0
1867086,0
2193271,0
2064704,0
2073520,0
2077908,0
1893371,0
2248068,0
2095004,0
2190193,0
1049406,0
2234530,0
2231505,0
3422716,0
2210479,0
1709652,0
1941509,0
2281571,0
2229387,0
3341536,0
1821608,0
2244356,0
2317165,0
3202340,0
1482459,0
2265279,0
2271315,0
2231465,0
2119579,0
2322603,0
2368783,0
3685006,0
13282148,0
2070641,0
2225362,0
1430626,1
1844036,0
2108651,0
19730744,0
0851471,0
2131586,0
2368717,0
2104985,0
1331294,0
2355921,0
2164058,0
6009328,0
2323723,0
2146678,0
0249516,0
0969345,0
2475692,0
2251275,0
13516024,0
2399527,0
1727860,0
2171416,0
2322457,0
1277953,0
2798620,0
2450486,0
3495266,0
1816518,1
1655413,0
1863298,0
2404027,0
2619074,0
1435990,0
2277196,0
1488181,0
1941466,0
1621766,0
1764625,0
2328505,0
2194760,0
2397521,0
1217209,1
1527821,0
2220674,0
2358911,0
2140203,0
1667889,0
2552322,0
6092902,0
1172587,0
2179678,0
2878484,0
2329968,0
2391821,0
2275080,0
1071809,0
2320924,0
2549540,0
3833714,0
3354096,0
4416372,0
3342056,0
2085930,0
2290828,0
2318440,0
1623288,1
2321492,0
1920996,0
2284790,0
11502658,0
2278518,0
2346354,0
5779650,0
3811332,0
10904988,0
2288005,0
1217213,0
2085795,0
2339958,0
2332523,0
2396224,0
2396690,0
1693039,0
2362978,0
2336213,0
2213346,0
1695770,0
2455354,0
0837562,0
1979172,0
1614955,0
2234555,0
1142977,1
2507174,0
1753496,0
2384892,0
2425618,0
1856053,0
2423504,0
2833788,0
5645298,0
1891845,0
2630526,0
2205948,0
2343130,0
1446192,0
2462452,0
2439190,0
2279314,0
2194724,0
1946347,0
2403867,0
3709868,0
9187076,0
2509428,0
2491648,0
2287867,0
2078523,0
3842606,0
2335908,0
1978567,0
2510822,0
1772341,1
3835438,0
2317103,0
5235162,0
2399537,0
1559036,0
2243275,0
0860907,0
13912120,0
2431934,0
6449974,0
1321862,0
2253947,0
2375379,0
2166109,0
2320718,0
3007766,0
0765446,0
2592484,0
3028018,0
11908836,0
17517440,0
1954293,0
2145759,0
2241207,0
2243621,0
2244618,0
2296044,0
2380534,0
2411590,0
2427458,0
2449630,0
2566866,0
2572014,0
2750492,0
2919466,0
3072888,0
3454148,0
3645582,0
6417816,0
6417854,0
6536554,0
6543070,0
6824088,0
7326872,0
2408734,0
2918988,0
2220024,0
2591720,0
2820354,0
3205010,0
2871776,0
2652476,0
2772570,0
1855268,0
1690991,0
2520678,0
2876446,0
2358913,0
2583814,0
2756602,0
1947964,0
7263824,0
0481499,1
1199779,0
3163844,0
2732078,0
2630134,0
2950510,0
3454574,0
3864104,0
2296935,0
2231208,0
2630316,0
2404237,0
2768084,0
1340803,0
2608516,0
3562846,0
1748199,0
2631012,0
2400433,0
2263944,0
1872871,0
2246727,0
2260256,0
2659374,0
2487126,0
2846156,0
2077703,0
2783020,0
2876906,0
2967286,0
3303446,0
2794560,0
2827526,0
0848537,0
2856848,0
2925552,0
2752584,0
3324810,0
1821641,0
2837694,0
3218524,0
2591814,0
3279464,0
3861384,0
4228840,0
1453405,0
2160331,0
2996126,0
2573198,0
6763540,0
2768474,0
3043848,0
2979978,0
2981768,0
3032300,0
2887968,0
0884726,0
2908228,0
1690953,1
2636124,0
3005710,0
6009548,0
6448502,0
3308710,0
3146400,0
1845774,0
2374144,0
3852432,0
1671584,0
4171600,0
1860353,0
4253212,0
3257582,0
1634003,0
2013293,1
3392330,0
6009496,0
3852404,0
2017020,0
2861550,0
2897368,0
3468298,0
1691917,0
2960524,0
3856638,0
1487931,0
2946582,0
2990836,0
3140658,0
2709606,0
2323836,0
3122122,0
2668134,0
3073326,0
3091272,0
3106916,0
1639826,0
3203996,0
2312262,0
3183630,1
5017974,0
2959216,0
3265080,0
1985966,0
2990702,0
2119558,0
2983564,0
1976562,0
3174208,0
1978599,0
2361846,0
3341598,0
3249118,0
2987316,0
1621039,0
3306776,0
3194482,0
2457282,0
3755716,0
3505298,0
13486578,0
1930432,0
2966560,0
2769896,0
2294629,1
3688056,0
1181840,0
2368672,0
3332410,0
3283754,0
2576852,1
3198652,0
2322316,0
3017864,0
3197486,0
3267466,0
3327856,0
3335192,0
2657636,0
3036576,0
1705952,0
5451564,0
1762399,0
3867870,0
3400214,0
6270234,0
1756873,0
3280730,0
3148834,0
3394878,0
3338434,0
3198698,0
3415692,0
4162910,0
9660390,0
14121760,0
15669576,0
2786258,0
2827532,0
2851954,0
2860742,0
2898884,0
2966696,0
3004630,0
3123864,0
3140652,0
3205434,0
3226634,0
3405166,0
4733194,0
4791284,0
6003054,0
6414724,0
6417830,0
6417984,0
6442694,0
6442766,0
6442774,0
6543276,0
7262790,0
7328912,0
7725890,0
3466682,0
3465710,0
1821658,0
1290393,0
12259010,0
3129656,0
3564806,0
7852026,0
2226178,0
3528906,0
1679593,0
1490017,0
3586582,0
3510476,0
3600950,0
0864835,0
2936864,0
3204012,0
3480110,0
3097924,0
3897760,0
2476096,0
3178174,0
3204020,0
7370236,0
3588478,0
2506858,0
3557580,0
3922686,0
3949650,0
5825186,0
4872166,0
2091947,0
3880898,0
3562252,0
3636040,0
2357291,0
3835952,0
4762698,0
2710884,0
2993424,0
3644330,0
4285188,0
14379278,0
3573796,0
3246908,0
3714574,0
0892062,0
3672130,0
1686027,0
3455204,0
3871940,0
2898632,0
2722786,0
3413018,0
3438514,0
3596856,0
3897080,0
15041652,0
2911342,0
1646971,1
3749216,0
1640718,0
3855406,0
2339505,0
2062622,0
6447520,0
6172540,0
11363054,0
3823912,0
3898504,0
6423576,0
4008392,0
3490438,0
3673898,0
2066048,0
2231489,0
3830998,0
3579524,0
3638012,0
18340476,0
3843334,0
3794204,0
3923472,0
2961890,0
3691706,0
6105888,0
1971517,0
4045320,0
2980706,0
3398268,1
3918368,0
3644570,0
4157940,0
8095500,0
3839992,0
4265532,0
3914362,0
3985472,0
3921852,0
8492340,0
3331846,0
4468650,0
2917574,0
4287160,0
1460798,0
2914892,0
3973682,0
5440656,0
3971764,0
6604860,0
3962802,0
4208304,0
1891939,0
4043138,0
0787474,1
3971950,0
4002296,0
3094414,0
3885932,0
2006753,0
3336368,0
1865505,1
4016942,0
16310786,0
4316022,0
3789946,0
4061848,0
4642966,0
3529198,0
5885146,0
6448688,0
1134666,0
4061854,0
4065758,0
4819166,0
5870174,0
2431032,0
4179512,0
4912418,0
5603402,0
6871454,0
6132286,0
0498351,0
2262227,0
3511362,0
4733578,0
3740416,0
5124294,0
19857654,0
4080760,0
2371399,0
3691942,0
13386730,0
3526408,0
3689894,0
4040086,0
5320892,0
3732474,0
2245084,1
3714950,0
4839348,0
4109284,0
5714216,0
3832158,0
3881410,0
3646944,0
4119436,0
3854192,0
4001614,0
4049534,0
4168188,0
1911658,0
3992768,0
5080076,0
4517624,0
2859246,0
4440370,0
3759416,0
3741670,0
2857458,0
4209820,0
4150316,0
3433622,0
3222236,0
3717532,0
3858372,0
4203832,0
5474466,0
4022252,0
2216582,0
6971342,0
1814809,0
3477554,0
4067378,0
3565744,0
5708576,0
1756835,0
3726220,0
4168022,0
2948816,0
13975952,0
16261876,0
1754767,0
19063550,0
19063568,0
20251662,0
3277512,0
3605702,0
3654180,0
3688952,0
3712490,0
4046308,0
4132834,0
4253190,0
4320236,0
4330400,0
4632916,0
4738728,0
5940418,0
6314268,0
6417940,0
6478218,0
6516876,0
4544278,0
5625642,0
8093292,0
4219130,0
4325060,0
2402165,0
4185364,0
4097336,0
4191054,0
2872750,1
6970274,0
2279373,0
4412240,0
4109240,0
4219304,0
4278144,0
4539628,0
4676508,0
7563886,0
4562088,0
6543086,0
3978744,0
18548180,0
3625354,0
4125300,0
4838316,0
4439950,0
3411432,0
4144206,0
3638542,0
4483100,0
4719118,0
4872206,0
4269194,0
2224026,0
4788602,0
6139698,0
3198454,0
4513762,0
3604664,0
4472804,0
4794852,0
4531412,0
4541680,0
4633738,0
4557690,0
3633118,0
5157420,0
4657400,0
5706242,0
3819668,0
4568970,0
4569480,0
4451654,0
4571702,0
4571742,0
4572342,0
3711622,0
4331400,0
4587956,0
1220911,0
5603412,0
4601006,0
4613722,0
4613758,0
4586644,0
2022564,0
3737650,0
4691348,0
3739130,0
20197196,0
4539114,0
3354302,0
4678116,0
3075214,0
3689910,0
5374638,0
3777936,0
5575408,0
6447754,0
2096673,1
4306116,0
4715416,0
1754656,0
4714032,0
3478226,0
4971484,0
11378980,0
3038052,0
4838278,0
9588404,0
1735462,0
3920220,0
2293640,0
7392028,0
3837248,0
4766420,0
3011816,0
3422078,0
9625166,0
2262345,0
4803104,0
2097333,0
4337072,0
3712718,0
4622340,0
3646946,0
4814366,0
2418644,0
4831682,0
4839424,0
5443130,0
3354306,0
4162986,0
4637028,0
5443142,0
4840666,0
5280090,0
4644382,0
4272866,0
3653650,0
3655680,0
4503906,0
7230298,0
4885238,0
4885726,0
4618398,0
13271212,0
4885916,0
4844146,0
4885958,0
1859606,0
4955162,0
4899056,0
4920274,0
4886780,0
5568650,0
2943352,0
4643580,0
3700456,0
5331768,0
6446740,0
6490604,0
3896100,0
4697944,0
4982156,0
5269858,0
4982154,0
11963358,0
5004778,0
2401878,1
5641696,0
4937208,0
3763866,0
1856057,0
5445028,0
4789650,0
4450396,0
5445056,0
4489416,0
3431188,0
2510894,0
4926026,0
5004766,0
5088686,0
5263886,0
5332274,0
5061124,0
6969912,0
5078450,0
3712588,0
4656772,0
2141773,0
4235644,0
6423420,0
1512222,0
4668834,0
13504668,0
3500068,0
10468264,0
2452042,0
4225410,0
5136164,0
5119598,0
5447066,0
5447070,0
5802858,0
5234428,0
7161232,0
5172306,0
5330596,0
4057916,0
5094972,0
5251806,0
5377654,0
6871448,0
4731504,0
4883574,0
5207952,0
5232230,0
1979388,0
4075322,0
3615204,0
4007068,0
5120966,0
5143700,0
4806378,0
4307880,0
5156754,0
6449296,0
5284414,0
5526064,0
10160858,0
4872210,0
2974918,0
5445900,0
3576728,0
5263888,0
4997844,0
6448032,0
1594972,0
4168024,0
5462882,0
6857124,0
5235480,0
4788934,0
4970552,0
16899878,0
2022528,0
2651020,0
2660104,0
3261672,0
4008950,0
4332764,0
4454336,0
4651380,0
4651382,0
4781308,0
5108672,0
5127394,0
5143202,0
5163400,0
5171040,0
5243688,0
5711130,0
5891120,0
5975878,0
6418390,0
6516870,0
6539312,0
6684268,0
8823330,0
11212858,0
5315110,0
5538124,0
5546430,0
6116798,0
3138698,0
4641286,0
5212160,0
5281678,0
5463002,0
6536676,0
2267968,0
5471154,0
4809396,0
7923612,0
3181400,0
5443474,0
5345276,0
5463052,0
5061302,0
4731008,0
4695548,0
5463088,0
5920384,0
5694916,0
2948356,1
4864886,0
2938376,0
3723780,0
4439784,0
6448084,0
5526028,0
5526038,0
3147070,0
5161658,0
5466576,0
5544700,0
12528492,0
5185564,0
5216534,0
5544706,0
1700841,0
5575342,0
7592594,0
6037818,0
6448638,0
3845670,0
5777338,0
6332084,0
5480816,0
5712772,0
6744422,0
2865120,0
5574372,0
5599970,0
4954660,0
5526456,0
3228088,0
3746824,0
4273562,0
5569618,0
5688888,0
5889338,0
3662694,0
5803330,0
1985949,0
5819912,0
17007782,0
5234458,0
5698496,0
4643142,0
2321405,1
13504956,0
5667482,0
3666024,1
5904624,0
5271582,0
5563932,0
5871184,0
5925296,0
2642226,0
5795566,0
5962096,0
5739784,0
5795592,0
5552008,0
6449674,0
2277860,0
5768558,0
4181270,0
5363648,0
2822672,0
5894778,0
2709768,0
9899716,0
3416828,0
5912052,0
5951164,0
6035470,0
6670034,0
3883968,0
5923102,0
1920885,0
4717482,0
5311514,0
5595168,0
5968620,0
5272094,0
5251328,0
5889204,0
3136146,0
3574822,0
4853102,0
5923132,0
5646314,0
6467214,0
5908018,0
5989606,0
3924046,0
5502946,0
4302938,1
5957750,0
5425264,0
5084196,0
6251148,0
4768656,0
5898034,0
6020354,0
4335664,0
6099406,0
6047388,0
6597832,0
6096958,0
6043124,0
5923962,0
17319094,0
3470600,0
5538568,0
6792658,0
3401174,0
6167646,0
5323662,0
11187612,0
4624424,0
5234462,0
5468014,0
5849350,0
5474644,0
6066170,0
6105040,0
6523734,0
5822838,0
6133764,0
4819576,0
6170048,0
6449300,0
6562798,0
14469900,0
4981636,0
5973626,0
1679335,0
6779296,0
6558518,0
5591458,0
5940370,0
5954304,0
5770430,0
6278732,0
1725969,0
6156136,0
5896812,0
2261287,0
5176632,0
6191132,0
7029046,0
4769824,0
4994884,0
4001526,0
5894272,0
3582072,0
4764566,0
6114122,0
13075174,0
14636378,0
1479690,0
4249242,0
6296184,0
6900184,0
6459494,0
6816180,0
6246170,0
5988680,0
3521164,1
6096128,0
6296148,0
6475250,0
13836554,0
7785870,0
6306568,0
15452652,0
6448970,0
6317016,0
6388354,0
7232940,0
5894274,0
6449216,0
6302214,0
5894276,0
6210806,0
6999010,0
5539376,0
6327570,0
4685554,0
5585826,0
6287174,0
13851318,0
4628826,0
4730838,0
5569560,0
6251100,0
10453434,0
7197132,0
13505540,0
10771324,0
10771352,0
5268106,0
5491814,0
5628098,0
5688912,0
5725414,0
6062770,0
6064512,0
6377116,0
6447022,0
6467082,0
6717056,0
7007692,0
7949542,0
13224766,0
6389344,0
6530150,0
7662028,0
5084198,0
6437856,0
6452652,0
0331314,0
6437820,0
5853664,0
12757894,0
6857250,0
4466894,0
6198412,0
4909250,0
5476944,0
6131712,0
5302150,0
6468958,0
6749478,0
6857332,0
5988440,0
4116284,0
5684366,0
6409666,0
6577246,0
12583110,0
3615160,0
6047974,0
6857312,0
6451666,0
8089116,0
5029776,0
6531060,0
3823116,0
6407390,0
6408946,0
6451304,0
5544384,0
6975620,0
5812510,0
5468016,0
6344696,0
6634906,0
6814092,0
6034338,0
5731132,0
5912470,0
6634932,0
7238436,0
6634854,0
6634910,0
3874544,1
4119208,0
6728390,0
6728412,0
9053028,0
6701150,0
2398241,0
6709832,0
10497910,0
6335734,0
6771444,0
6628298,0
9392402,0
4765220,0
6273384,0
9481954,0
5692622,0
6809936,0
6903382,0
4685636,0
0137204,0
6604334,0
6799508,0
6669548,0
6903416,0
6768460,0
6355328,0
6553342,0
3837842,0
6548966,0
6854966,0
6886118,0
4105584,0
6452332,0
6574146,0
5584796,0
6903084,0
5313906,0
5471588,0
5776208,0
1243946,0
6210784,0
6982642,0
10467280,0
2091256,0
6798182,0
6896378,0
6941654,0
6680792,0
3606752,0
6402046,0
1183352,0
3262342,1
4155534,0
7031862,0
3896102,0
4717402,0
6314690,0
3469046,0
6314766,0
4835618,0
7017858,0
10467292,0
6580380,0
7504716,0
7042232,0
5851904,0
6637358,0
6799518,0
7065522,0
7264946,0
6718904,0
6595896,0
7120938,0
10365008,0
6921614,0
6336356,0
7092940,0
7146054,0
5914996,0
6269658,0
6337252,0
6556890,0
3967976,0
6848928,0
10893020,0
7323994,0
5715410,0
8442226,0
4877122,0
7320156,0
9501222,0
10443322,0
5276332,0
3486626,0
5966350,0
7480958,0
8894364,0
6572702,0
6317962,0
6977240,0
6145612,0
15679936,0
7283052,0
7283066,0
7729968,0
6489160,0
8050818,0
7303948,0
5545254,0
5432712,0
6424768,0
3901826,1
7321246,0
4191486,0
6949202,0
7328554,0
11911742,0
7182694,0
3014284,0
4915282,0
6870750,0
3832326,0
6438840,0
3887158,0
7328556,0
5468018,0
6973828,0
4729560,0
7358252,0
7476652,0
9590742,0
4131800,0
2114504,0
5433884,0
7437462,0
7454138,0
3025774,0
4494382,0
7006206,0
4054952,0
7323612,0
7559182,0
7543904,0
2380307,1
7013830,0
7112166,0
8100900,0
5265948,0
7072396,0
6470762,0
14620648,0
6106526,0
8141908,0
7207158,0
7767966,0
3037136,0
5851786,0
6713562,0
7984656,0
8595470,0
7640012,0
7058854,0
7625514,0
4587656,0
7456436,0
5979874,0
7933596,0
10443634,0
6315872,0
6326638,0
8540762,0
7275200,0
7275528,0
7680690,0
7228108,0
7735462,0
10156578,0
7639694,0
3411444,1
8259916,0
7833606,0
7328956,0
7547768,0
7548114,0
10947258,0
11968644,0
12929420,0
17153208,0
17155086,0
17155142,0
17155614,0
17155626,0
5546158,0
5594384,0
6666508,0
7042760,0
7073350,0
7138278,0
7262780,0
7275258,0
7360838,0
7476494,0
7584262,0
7821084,0
7973568,0
8633590,0
8672310,0
8772214,0
8873806,0
8873842,0
8885304,0
9396244,0
10392720,0
11212472,0
11212824,0
11212874,0
7412572,0
9564268,0
6915208,0
8560754,0
7578566,0
7139246,0
7717440,0
7167630,0
7941892,0
6772418,0
4701724,0
5222768,0
7945396,0
7804254,0
8173628,0
10736506,0
5993468,0
6685596,0
2766104,0
7955106,0
8925102,0
7946584,0
1754650,0
5848640,0
8714784,0
7980094,0
7986790,0
9598270,0
5104604,1
8028526,0
7886598,0
15333240,0
15333262,0
8173728,0
7339826,0
9072902,0
6494344,0
8059506,0
4410000,0
8098546,0
8391976,0
8761634,0
11357028,0
5378092,0
4940416,0
7941612,0
2296777,0
7209510,0
4039842,0
12210084,0
10339932,0
10449144,0
7451284,0
8111636,0
5314190,0
6438976,0
8222812,0
7886614,0
8714584,0
5585248,0
7880466,0
7994070,0
8305366,0
4487076,0
8501318,0
4086018,0
6293784,0
6530310,0
7089878,0
7050476,0
7575410,0
8296892,0
8974310,0
5653626,0
16977370,0
5468022,0
8742774,0
9085132,0
9657530,0
6241390,0
2967856,0
3373410,0
9085794,0
8050266,0
7546996,0
4773054,0
6900448,1
6128218,0
8015080,0
8880290,0
15133100,0
7403570,0
8774622,0
9844256,0
9881872,0
2534642,0
3606756,1
7701808,0
9574822,0
7456468,0
1849772,0
5847768,0
6342440,0
7169514,0
7238370,0
8327492,0
8328612,0
8328740,0
4278346,0
8800108,0
5220122,0
5746054,0
7773450,0
8856172,0
6241872,0
8713024,0
10443580,0
8636142,0
8286670,0
7745068,0
7437638,0
8176578,0
8430866,0
8669442,0
7415466,0
7852002,0
8108230,0
8685672,0
8787226,0
7670504,0
8161726,0
7424200,0
7275212,0
8714776,0
8076344,0
8727860,0
9496406,0
10376478,0
10878842,0
7913394,0
8769226,0
7279608,0
6157970,0
6241270,0
6778760,0
9089294,0
10183608,0
9081188,0
7236034,0
7403574,0
7989512,0
8223844,0
9072932,0
9108390,0
9876022,0
10292620,0
7785128,0
7973342,0
9181914,0
3757838,0
7575550,0
8429530,0
7133686,0
8253812,0
7296782,0
8426800,0
6469892,0
8426838,0
8426846,0
6516734,0
6468274,0
11747046,0
8426828,0
8498198,0
6182908,0
9010770,0
9046926,0
7533756,0
9064708,0
8512986,0
12280576,0
9025104,0
9081300,0
8376858,0
9177882,0
9222252,0
9109822,0
12354914,0
9094782,0
9737258,0
9125958,0
8426808,0
9141128,0
8991416,0
9344042,0
7615722,0
13136954,0
14061182,0
4177856,0
7058884,0
8941316,0
9164818,0
5541002,0
7336470,0
11559464,0
8790624,0
11203516,0
7587232,0
9230958,0
9454842,0
14538640,0
7277354,0
15403710,0
9207710,0
9252486,0
2709692,0
8478602,0
9293976,0
19872388,0
5848272,1
8535848,0
8535852,0
1842422,0
9266078,0
9266104,0
8425332,0
8426112,0
8426154,0
8850510,0
7961060,0
11564778,0
9647330,0
9278264,0
10313142,0
9349046,0
5817548,0
9334162,0
9497146,0
9416854,0
9013842,0
9424462,0
8001346,0
4633694,1
9094112,0
9265536,0
3076510,0
3439694,0
8925540,0
8560130,0
9517188,0
9625242,0
8483272,0
10837312,0
7419412,0
8255452,0
9472442,0
9143110,0
7367960,0
8165450,0
8682096,0
10492896,0
11023262,0
11124992,0
13227792,0
14169062,0
14812490,0
4948104,0
7575480,0
7575520,0
7575534,0
7575642,0
7575660,0
8364460,0
8435844,0
8744572,0
8777272,0
8840234,0
9070758,0
9114282,0
9422468,0
9422528,0
9591836,0
9630184,0
11212494,0
11212510,0
11212530,0
11212576,0
11212598,0
11212616,0
11212628,0
11212672,0
11212684,0
11212744,0
2386490,1
10068158,0
8659948,0
9074406,0
9552208,0
9590420,0
7167686,0
9647938,0
9288776,0
9587388,0
8091892,0
9426210,0
6563576,0
10068544,0
9867200,0
7105440,0
8761814,0
9310460,0
10443844,0
4153828,0
8705918,0
9648078,0
8426232,0
9647926,0
10415220,0
12093990,0
10280188,0
12208444,0
3513498,0
9871230,0
10250750,0
9212654,0
9251614,0
9629026,0
6979798,0
8161914,0
9507276,0
6344664,0
9741908,0
11078434,0
9526152,0
11041632,0
9255718,0
9863566,0
9735672,0
11006274,0
9882750,0
12835290,0
11078522,0
4500214,0
8435324,0
6428676,0
10404502,0
11407890,0
8866460,0
10037700,0
11000758,0
9894394,0
10168876,0
4991676,0
9614796,0
14888860,0
8752474,0
9551896,0
9826484,0
11000408,0
8773734,0
9004516,0
9306654,0
10256094,0
8329148,0
6348138,1
10112466,0
10256174,0
10276074,0
3364946,0
9232810,0
9251598,0
10101782,0
9013982,0
9251718,0
7403614,0
9501310,0
10040094,0
10168898,0
13893698,0
9896916,0
10208548,0
7089882,0
9811798,0
10156426,0
8427622,0
10579936,0
11023504,0
9563632,0
10999876,0
1946502,0
13742752,0
7063304,0
10187146,0
9348720,0
10323726,0
10323736,0
9306714,0
9691086,0
10253302,0
10990756,0
7659018,0
10253816,0
10288820,0
7734034,0
10947308,0
9465532,0
11248618,0
9116358,0
7534102,0
9806192,1
9850064,0
12427618,0
6284064,0
9465588,0
9468936,0
5113040,0
10990714,0
9900060,0
10432662,0
9009442,0
8288450,0
9724076,0
9724092,0
13736774,0
10462138,0
4199898,0
6785292,0
9193612,0
10187766,0
1979376,1
9144838,0
9428190,0
9586270,0
10472748,0
10472784,0
10622220,0
8028842,0
10472884,0
7834494,0
10567388,0
10188020,0
10563920,0
15043012,0
15090728,0
10366204,0
10530266,0
3741646,0
10187792,0
10172802,0
10499552,0
8856470,0
10885430,0
6105098,0
10627720,0
10583590,0
10187800,0
14090306,0
10530128,0
10584284,0
10990648,0
8308072,0
10327712,0
4429160,0
8416930,0
10075536,0
9430698,0
10127562,0
10477558,0
10653474,0
11015752,0
6095472,0
9039420,0
10187780,0
10188074,0
10691070,0
10419266,0
10805044,0
6772524,0
10736192,0
11357402,0
12103836,0
9724068,0
10736726,0
10915806,0
12239686,0
10208086,0
12196058,0
3748918,0
9760504,0
10734928,0
8340654,0
11737766,0
13211260,0
9239552,0
10515852,0
10687168,0
11127382,0
10925772,0
10940666,0
12082990,0
6324278,0
10187822,0
10691094,0
10837374,0
3445280,0
10832776,0
6998792,0
11056458,0
10930926,0
12162552,0
10963790,0
12768912,0
9418812,0
8790552,0
11020466,0
11760706,0
10487722,0
11580360,0
6193408,1
9654240,0
11050064,0
7401028,0
8048384,0
10986582,0
8217188,0
9805160,0
10691126,0
10872982,0
11053418,0
5815016,0
8752498,0
8816016,0
9239422,0
10691112,0
11127416,0
13270914,0
9037650,0
10981202,0
9038290,0
11664282,0
1620981,0
11064470,0
10511410,0
10188156,0
10691302,0
11127380,0
12836570,0
15508044,0
11169474,0
11754352,0
11153796,0
10975312,0
11191000,0
12072206,0
13136142,0
16221018,0
17203464,0
4449562,0
11203468,0
12216182,0
10732060,0
11191124,0
13143740,0
18062404,0
2380716,0
4426464,0
5117322,0
10691312,0
11127408,0
11127430,0
11760676,0
11760692,0
4520988,0
11127418,0
11276598,0
11311968,0
11328350,0
4729430,1
12216226,0
11230056,0
12633860,0
10923940,0
10920376,0
10529502,0
11349982,0
11343974,0
18706178,0
12227864,0
12020368,0
14729148,0
9020536,0
11127314,0
11410450,0
13353502,0
10315070,0
11127300,0
11127324,0
11127348,0
11127358,0
11750130,0
5814534,0
11044134,0
10621032,0
11127400,0
12180402,0
7531096,0
12233896,0
9784518,0
8065768,0
11127396,0
11727004,0
11450964,0
11469408,0
11478236,0
11602690,0
10086834,0
15754618,0
12103846,0
11469466,0
11498676,0
11107074,0
12294662,0
10834006,0
11457742,0
6992642,0
11496270,0
10183846,0
11628620,0
10334590,0
10478836,0
10662360,0
10747476,0
10882998,0
12564510,0
12723422,0
13308490,0
13334482,0
13392668,0
13392682,0
13392688,0
13496272,0
13496286,0
13609810,0
13628336,0
13628340,0
13679006,0
13742452,0
13742748,0
14503324,0
14812544,0
14812578,0
14812626,0
15201606,0
15201882,0
15295208,0
15402676,0
17151856,0
17155178,0
18289828,0
18289858,0
18362386,0
20224966,0
9590362,0
9001428,0
12307622,0
5768992,0
11738338,0
12422332,0
11343692,0
11561866,0
10149080,0
11585560,0
11599332,0
10068916,0
11617584,0
11639420,0
12307790,0
12035576,0
9537888,0
11689090,0
12871602,0
15447296,0
11151982,0
11702612,0
12314598,0
11760836,0
12416950,0
12422086,0
12422142,0
9646548,0
16899930,0
11727058,0
9855978,0
11542244,0
11738372,0
11791510,0
12551260,0
10675392,0
10841384,0
11319278,0
12315122,0
11433900,0
7146812,1
9507234,0
8387918,0
11766318,0
9434836,0
11710070,0
11576180,0
12862032,0
12315730,0
18304376,0
8346438,0
15918632,0
11696020,0
11731920,0
12416808,0
11928520,0
12064860,0
12416788,0
16475914,0
6587640,0
8524650,0
12316128,0
11737594,0
12416688,0
12416758,0
8774798,0
9310328,0
12416654,0
11433874,0
12203840,0
12532026,0
15476786,0
12411810,0
12411966,0
16733174,0
12042710,0
8807482,0
9580138,0
5206260,0
12093878,0
12375560,0
12375988,0
12409978,0
13149976,0
11107978,0
12692980,0
12358316,0
12369756,0
12375332,0
18884646,0
12358176,0
3152592,0
7200186,0
13409100,0
12934616,0
1427931,0
12356398,0
12581186,0
8640242,0
12139700,0
12354874,0
12354878,0
12354974,0
9204164,0
9881630,0
11958344,0
10534996,0
12258280,0
12567090,0
9719864,0
7551148,0
10518240,0
13663476,0
13150298,0
8675288,0
11749986,0
13284856,0
11563592,0
12333618,0
7292332,0
12415546,0
12588448,0
13974958,0
15505056,0
12735338,0
11018592,0
6434368,0
4823776,0
11482244,0
11654032,0
12398350,0
12876132,0
10588750,0
12699782,0
12730310,0
11125636,0
12759408,0
8092118,0
14085636,0
2006291,0
8045396,0
11802992,0
16162172,0
20235592,0
1817232,0
12767498,0
13303020,0
12354886,0
16057994,0
13054188,0
13062168,0
12800436,0
14642116,0
13107908,0
13060174,0
11193002,0
12850062,0
5198068,1
12838958,0
12745164,0
12938340,0
13033818,0
13034096,0
13137844,0
11427380,0
8652818,0
12615474,0
13033280,0
11306746,0
14463958,0
13163972,0
7892450,0
11177804,0
12011442,0
12439268,0
9329402,0
11952874,0
12450394,0
12969650,0
12969810,0
12969890,0
12969958,0
13161312,0
11225360,0
13432244,0
7534136,0
7374030,0
17371052,0
2948372,1
13150606,0
7080422,0
12716012,0
9679528,0
11032374,0
7488208,1
14888874,0
6744264,0
11102242,0
12879624,0
14893186,0
12775936,0
11867418,0
12981408,0
13161624,0
13161792,0
13452404,0
12408992,0
13437988,0
13236734,0
13490224,0
12981770,0
12981810,0
12981930,0
12981586,0
13449612,0
12481806,0
13236576,0
13445812,0
13502066,0
13449672,0
13534804,0
16234728,0
13217182,0
13321282,0
13428402,0
3189552,0
13479728,0
2850386,0
13139218,0
13551840,0
11482894,0
13091238,0
13833798,0
12987064,0
13162008,0
13260836,0
6693156,0
9136058,0
13622584,0
9534948,0
13292206,0
10749954,0
12471010,0
12105596,0
13634096,0
13635550,0
14109948,0
13516524,0
11197712,0
14882302,0
13701998,0
11390126,0
10427070,0
11819890,0
13276012,0
13286746,0
11962054,0
12162654,0
12258334,0
12264550,0
12375526,0
12416550,0
12594482,0
12923050,0
13013762,0
13197364,0
13811736,0
15295198,0
12439230,0
13779166,0
19784452,0
5562070,0
10413092,0
12026686,0
13174548,0
13174954,0
13452718,0
14344276,0
19899152,0
11792512,0
10635042,0
10766468,0
12885852,0
13836522,0
13345570,0
2458948,0
13918322,0
13622118,0
19784490,0
13175066,0
13288972,0
13293630,0
13667778,0
13269670,0
1361336,0
13884166,0
8241000,0
8354164,0
6570098,0
13304420,0
13452930,0
11231280,0
13533532,0
15659944,0
19784690,0
15112480,0
13458766,0
13459078,0
13459366,0
13492158,0
14755034,0
5109280,1
13749654,0
16246152,0
13261418,0
13932162,0
3885422,0
14721314,0
13385804,0
13434692,0
19784774,0
14180764,0
13205842,0
14391088,0
13492264,0
13498846,0
13729622,0
13414858,0
14419764,0
5990174,0
13496358,0
12978036,0
14379040,0
12093860,0
14508472,0
7979580,1
13911494,0
15133504,0
19784824,0
13029316,0
13804084,0
13465228,0
9890120,0
11992904,0
14757694,0
14835308,0
13997358,0
14734046,0
13504594,0
13944728,0
11084896,0
10841088,0
14838282,0
14149232,0
14156530,0
15626748,0
18469184,0
14825006,0
12439248,0
12642574,0
13593042,0
15307696,0
14557056,0
19072694,0
11207240,0
13048312,0
13288678,0
13758684,0
3804810,0
15180234,0
10346674,0
11417856,0
14691046,0
14749948,0
7664100,0
6733874,0
10341040,0
14760652,0
7504818,0
8567862,0
10358782,0
12801262,1
11238518,0
9204110,0
15011474,0
10075380,0
14324650,0
5378246,0
14534992,0
11777920,0
14147078,0
15293132,0
4534598,0
10376010,0
14760682,0
14893202,0
6932874,0
13884144,0
7974044,0
11710090,0
14402928,0
3454424,0
7014378,0
3554046,0
13651628,0
16262988,0
15072480,0
15089838,0
15000314,0
12851396,0
14446300,0
15073144,0
14402926,0
15535524,0
15096542,0
12007484,0
13642590,0
15222328,0
6338498,0
15192154,0
16277420,0
14867078,0
15090124,0
13544716,0
10274124,0
11832046,0
9713680,0
15091284,0
10540146,0
8049994,0
15307170,0
14867168,0
19870166,0
13387604,0
13871024,0
6714432,0
10039364,0
11657662,0
12367916,0
13404868,0
14901058,0
15239690,0
13681790,0
15237158,0
14873046,0
10540510,0
15426982,0
15440402,0
16492636,0
5806814,0
14531302,0
15337666,0
16492678,0
14879760,0
14879964,0
14961110,0
15296598,0
15478412,0
15497172,0
16951886,0
10101702,0
14031960,0
15502904,0
15528116,0
14529834,0
15348246,0
8456190,0
14211176,0
14894430,0
11125620,0
15437042,0
13677006,0
13717916,0
15614242,0
13064272,0
14894544,0
14894798,0
9572006,0
12254200,0
13057626,0
13898164,0
15489976,0
19783490,0
15781790,0
14837960,0
14894952,0
14901704,0
15750836,0
13533782,0
13067548,0
15096796,0
7974634,0
14908896,0
14908942,0
14908994,0
15417206,0
5012504,0
11132584,0
12518378,0
14974602,0
13022856,0
13424422,0
15417268,0
15433884,0
15433948,0
15433988,0
15434544,0
16420460,0
2953050,1
13557370,0
14967958,0
13409496,0
15546844,0
19783526,0
16277374,0
15434580,0
15434620,0
16420534,0
15392166,0
16310682,0
6467266,0
16420576,0
15572278,0
16152078,0
12287382,0
15502822,0
15719658,0
11311762,0
15440508,0
16420762,0
18351574,0
11951334,0
16000358,0
16259608,0
13904188,0
16421310,0
16159984,0
13575806,0
13834480,0
16345484,0
16369444,0
16440002,0
15422384,0
15433832,0
15440562,0
15446684,0
15446770,0
15446786,0
15458076,0
15458120,0
16421942,0
13871206,0
9576232,0
11434668,0
4289332,0
7805344,0
8337158,0
15170304,0
16480822,0
16678934,0
14349434,0
16444780,0
14631498,0
14633194,0
16480014,0
16550530,0
8480678,0
14331144,0
16605882,0
16677406,0
15335646,0
16445152,0
14469640,0
11917056,0
13683076,0
13779394,0
14489118,0
15421206,0
15764078,0
